{
    "5": [
        {
            "accuracies": [
                0.625, 
                0.63, 
                0.76, 
                0.7050000000000001, 
                0.89, 
                0.8200000000000001, 
                0.75, 
                0.77, 
                0.74, 
                0.775, 
                0.6699999999999999, 
                0.635, 
                0.755, 
                0.64, 
                0.755, 
                0.6950000000000001, 
                0.6950000000000001, 
                0.565, 
                0.755, 
                0.755, 
                0.755, 
                0.755, 
                0.735, 
                0.6699999999999999, 
                0.74, 
                0.76, 
                0.79, 
                0.755, 
                0.775, 
                0.6, 
                0.6, 
                0.6, 
                0.755, 
                0.8, 
                0.51, 
                0.755, 
                0.72, 
                0.755, 
                0.7150000000000001, 
                0.755, 
                0.5800000000000001, 
                0.755, 
                0.7050000000000001, 
                0.65, 
                0.84, 
                0.755, 
                0.755, 
                0.62, 
                0.875, 
                0.755
            ], 
            "input_connectivity": 2, 
            "n_nodes": 5, 
            "n_samples": 50, 
            "output_connectivity": 5
        }
    ]
}