{
    "5": [
        {
            "accuracies": [
                0.51, 
                0.44499999999999995, 
                0.43500000000000005, 
                0.51, 
                0.44499999999999995, 
                0.44499999999999995, 
                0.44499999999999995, 
                0.44499999999999995, 
                0.51, 
                0.6, 
                0.51, 
                0.495, 
                0.595, 
                0.505, 
                0.42500000000000004, 
                0.505, 
                0.44499999999999995, 
                0.44499999999999995, 
                0.51, 
                0.43500000000000005, 
                0.44499999999999995, 
                0.44499999999999995, 
                0.44499999999999995, 
                0.42500000000000004, 
                0.51, 
                0.44499999999999995, 
                0.44499999999999995, 
                0.42500000000000004, 
                0.42500000000000004, 
                0.495, 
                0.41000000000000003, 
                0.42500000000000004, 
                0.51, 
                0.44499999999999995, 
                0.505, 
                0.43500000000000005, 
                0.51, 
                0.44499999999999995, 
                0.44499999999999995, 
                0.43500000000000005, 
                0.51, 
                0.43500000000000005, 
                0.42500000000000004, 
                0.44499999999999995, 
                0.44499999999999995, 
                0.44499999999999995, 
                0.42500000000000004, 
                0.44499999999999995, 
                0.41000000000000003, 
                0.44499999999999995
            ], 
            "input_connectivity": 0, 
            "n_nodes": 5, 
            "n_samples": 50, 
            "output_connectivity": 5
        }, 
        {
            "accuracies": [
                0.43500000000000005, 
                0.43500000000000005, 
                0.755, 
                0.75, 
                0.795, 
                0.43500000000000005, 
                0.755, 
                0.865, 
                0.8049999999999999, 
                0.755, 
                0.755, 
                0.745, 
                0.685, 
                0.63, 
                0.825, 
                0.43500000000000005, 
                0.755, 
                0.755, 
                0.5349999999999999, 
                0.43500000000000005, 
                0.7050000000000001, 
                0.765, 
                0.81, 
                0.615, 
                0.79, 
                0.43500000000000005, 
                0.755, 
                0.7050000000000001, 
                0.43500000000000005, 
                0.675, 
                0.6599999999999999, 
                0.81, 
                0.5549999999999999, 
                0.815, 
                0.65, 
                0.7150000000000001, 
                0.755, 
                0.5, 
                0.755, 
                0.64, 
                0.7, 
                0.585, 
                0.755, 
                0.65, 
                0.6, 
                0.8200000000000001, 
                0.78, 
                0.755, 
                0.55, 
                0.755
            ], 
            "input_connectivity": 1, 
            "n_nodes": 5, 
            "n_samples": 50, 
            "output_connectivity": 5
        }, 
        {
            "accuracies": [
                0.84, 
                0.675, 
                0.83, 
                0.755, 
                0.665, 
                0.765, 
                0.84, 
                0.845, 
                0.755, 
                0.755, 
                0.6799999999999999, 
                0.755, 
                0.76, 
                0.755, 
                0.815, 
                0.745, 
                0.685, 
                0.855, 
                0.92, 
                0.855, 
                0.755, 
                0.565, 
                0.71, 
                0.6950000000000001, 
                0.78, 
                0.755, 
                0.755, 
                0.785, 
                0.71, 
                0.5900000000000001, 
                0.755, 
                0.755, 
                0.79, 
                0.54, 
                0.6, 
                0.78, 
                0.64, 
                0.75, 
                0.765, 
                0.685, 
                0.6799999999999999, 
                0.645, 
                0.8, 
                0.74, 
                0.77, 
                0.815, 
                0.755, 
                0.755, 
                0.755, 
                0.85
            ], 
            "input_connectivity": 2, 
            "n_nodes": 5, 
            "n_samples": 50, 
            "output_connectivity": 5
        }, 
        {
            "accuracies": [
                0.72, 
                0.755, 
                0.755, 
                0.755, 
                0.755, 
                0.755, 
                0.755, 
                0.655, 
                0.755, 
                0.765, 
                0.755, 
                0.615, 
                0.755, 
                0.72, 
                0.755, 
                0.72, 
                0.755, 
                0.84, 
                0.755, 
                0.71, 
                0.755, 
                0.755, 
                0.755, 
                0.755, 
                0.755, 
                0.755, 
                0.755, 
                0.755, 
                0.72, 
                0.725, 
                0.865, 
                0.72, 
                0.995, 
                0.755, 
                0.7, 
                0.795, 
                0.71, 
                0.755, 
                0.755, 
                0.755, 
                0.72, 
                0.755, 
                0.755, 
                0.765, 
                0.755, 
                0.755, 
                0.71, 
                0.745, 
                0.72, 
                0.755
            ], 
            "input_connectivity": 3, 
            "n_nodes": 5, 
            "n_samples": 50, 
            "output_connectivity": 5
        }, 
        {
            "accuracies": [
                0.72, 
                0.72, 
                0.755, 
                0.755, 
                0.72, 
                0.755, 
                0.755, 
                0.755, 
                0.755, 
                0.755, 
                0.72, 
                0.755, 
                0.765, 
                0.755, 
                0.755, 
                0.755, 
                0.71, 
                0.755, 
                0.72, 
                0.755, 
                0.755, 
                0.755, 
                0.755, 
                0.72, 
                0.755, 
                0.755, 
                0.72, 
                0.755, 
                0.755, 
                0.755, 
                0.755, 
                0.71, 
                0.755, 
                0.755, 
                0.755, 
                0.755, 
                0.755, 
                0.765, 
                0.755, 
                0.72, 
                0.755, 
                0.755, 
                0.72, 
                0.72, 
                0.755, 
                0.755, 
                0.755, 
                0.755, 
                0.755, 
                0.72
            ], 
            "input_connectivity": 4, 
            "n_nodes": 5, 
            "n_samples": 50,